Id,FirstName,LastName,Email,Phone
con-sarah,Sarah,Mitchell,sarah.mitchell@example.com,555-0101
con-james,James,Thompson,james.thompson@example.com,555-0102
con-emily,Emily,Davis,emily.davis@example.com,555-0103
con-michael,Michael,Wilson,michael.wilson@example.com,555-0104
con-jessica,Jessica,Garcia,jessica.garcia@example.com,555-0105
con-david,David,Martinez,david.martinez@example.com,555-0106
con-amanda,Amanda,Rodriguez,amanda.rodriguez@example.com,555-0107
con-chris,Christopher,Lee,chris.lee@example.com,555-0108
con-styl-maria,Maria,Santos,maria.santos@stressless.com,555-0201
con-styl-alex,Alex,Chen,alex.chen@stressless.com,555-0202
con-styl-jordan,Jordan,Williams,jordan.williams@stressless.com,555-0203
con-styl-taylor,Taylor,Brown,taylor.brown@stressless.com,555-0204
